Id,Name,Email,PhoneNumber
CUS4999,Nguyễn Phương Lan,4e3o5rhj@gmail.com,0320207548
CUS5000,Nguyễn Hoàng Tùng,123a7z5aa@gmail.com,0325007548
CUS5001,Nguyễn Đạt Tùng,3wla7z5aa@gmail.com,0321207548
CUS5002,Nguyễn Thanh Thành,4e3o5rhjaa@gmail.com,0385201276
CUS5003,Nguyễn Dung Hạnh,gwg1apy6@gmail.com,0372004092
CUS5004,Nguyễn Đạt Thành,xpwtmz4e@gmail.com,0322067534
CUS5005,Nguyễn Ngọc Mai,u768blad@gmail.com,0301309400
CUS5006,Nguyễn Thanh Đạt,sz7mx0xv@gmail.com,0363011577
CUS5007,Nguyễn Tuấn Tiến,44dnygzj@gmail.com,0322073704
CUS5008,Nguyễn Thắng Đức,0k3qpxyy@gmail.com,0353005185
CUS5009,Nguyễn Đức Sơn,nmwewa9q@gmail.com,0317391248
